<?xml version="1.0"?>
<!DOCTYPE hibernate-mapping PUBLIC 
	"-//Hibernate/Hibernate Mapping DTD 3.0//EN"
	"C:/hibernate-3.1/src/org/hibernate/hibernate-mapping-3.0.dtd">

<hibernate-mapping>

	<class name="gov.nih.nci.cg.findings.StudyParticipant" table="STUDY_PARTICIPANT_NOW">
		<id name="studyPartcipantIdentifier" column="PARTICIPANT_DID" type="string">
			    <generator class="native"/>
		</id>
		<property name="administrativeGenderCode" column="GENDER"
                  type="string"/>

        <property name='ageAtDiagnosis' column="AGE_AT_DIAGNOSIS"
                  type="java.lang.Integer">
        </property>

        <property name='ageAtDeath' column="AGE_AT_DEATH"
                       type="java.lang.Integer">
         </property>
        <property name="ageAtEnrollment" column="AGE_AT_ENROLL"
                  type="java.lang.Integer"/>
        <property name="daysOnStudy" column="DAYS_ON_STUDY"
                   type="java.lang.Integer"/>

        <property name="ethnicGroupCode" column="ETHNIC_GROUP_CODE"
                          type="string"/>
        <property name="institutionName" column="INSTITUTION_NAME"
                          type="string"/>
        <property name="raceCode" column="RACE_CODE"
                          type="string"/>
        <property name="survivalStatus" column="SURVIVAL_STATUS"
                          type="yes_no"/>
        <property name="offStudy" column="OFF_STUDY"
                            type="yes_no"/>

    </class>
</hibernate-mapping>
